종목코드,종목명,시장,signal,confidence,ma_status,rsi_zone,volume_trend,reasons
035720,카카오,코스피,SELL,85,역배열,중립,감소,"단기(20일) 및 중기(50일) 이동평균선이 역배열 상태로 진입하며 하락 추세가 뚜렷함 | 최근 주가가 전저점을 하향 돌파하며 심리적 지지선인 50,000원 선이 무너짐 | 하락 과정에서 매수세 유입을 나타내는 유의미한 거래량 증가가 포착되지 않음 | 이동평균선들의 기울기가 하향으로 가팔라지며 추가 하락 압력이 높은 구간임"
005930,삼성전자,코스피,SELL,85,혼조,중립,증가,최근 주가가 급격한 상승 후 단기 고점을 형성하고 하락 반전하는 모습을 보임 | 이동평균선(20일선)을 하향 돌파하며 단기 추세가 꺾임 | 최근 하락 시 거래량이 동반되며 매도 압력이 강해짐 | 볼린저 밴드 상단을 터치한 후 중심선 아래로 내려오며 조정 국면 진입
035420,NAVER,코스피,SELL,85,역배열,중립,증가,주가가 200일 장기 이동평균선을 강력하게 하향 돌파하며 장기 추세가 하락으로 전환됨 | 이동평균선이 200일 > 50일 > 20일 순으로 배치되는 전형적인 역배열 상태에 진입함 | 최근 거래량을 동반한 장대음봉이 발생하며 매도 압력이 매우 강해진 상태임 | 직전 저점 지지선을 이탈하며 추가 하락 공간이 열려 있음
006400,삼성SDI,코스피,BUY,85,정배열,중립,증가,"단기, 중기, 장기 이동평균선이 완벽한 정배열(20 > 50 > 200)을 형성하며 강력한 상승 추세 확인 | 최근 전고점 부근의 저항을 돌파하며 신고가 경신 흐름을 보임 | 상승 구간에서 거래량이 동반되며 매수세의 유입이 확인됨 | 주가가 이동평균선 위에서 지지를 받으며 안정적인 우상향 곡선을 그림"
005490,POSCO홀딩스,코스피,HOLD,75,정배열,중립,감소,"이동평균선이 20일, 50일, 200일 순으로 정배열 상태를 유지하고 있어 장기적인 상승 추세는 유효함 | 최근 급등 이후 가격 조정을 거치고 있으며, 현재 50일 이동평균선(황색선) 부근에서 지지 여부를 시험 중 | 거래량이 역대급 고점 대비 크게 감소하며 매도 압력이 다소 진정되는 국면 | 단기 하락세가 멈추고 지지선에서 반등하는 신호가 확인될 때까지 관망하는 전략이 적절함"
000660,SK하이닉스,코스피,HOLD,75,정배열,중립,증가,"단기(20일), 중기(50일), 장기(200일) 이동평균선이 정배열 상태를 유지하며 장기 상승 추세가 유효함 | 최근 고점 형성 후 가파른 조정을 받고 있으며, 현재 50일 이동평균선(주황색 선) 부근에서 지지 여부를 테스트하는 구간 | 하락 조정 구간에서 거래량이 다소 증가하여 단기적인 매도 압력이 잔존하는 것으로 판단됨 | 추세가 완전히 꺾인 것은 아니나, 지지선 확보를 확인한 후 대응하는 것이 안전한 시점"
000270,기아,코스피,HOLD,75,정배열,중립,감소,최근 20만 원 부근 고점 형성 후 가파른 가격 조정을 거치며 단기 하락 추세에 있음 | 현재 주가가 50일 이동평균선(주황색 선) 부근에서 지지 여부를 테스트하는 중요한 구간임 | 고점 대비 거래량이 감소하며 매도 압력이 다소 진정되는 양상을 보이나 확실한 반등 신호는 부족함 | 장기 추세(200일선)는 여전히 우상향이나 단기 변동성이 커진 상태로 관망이 유리함
373220,LG에너지솔루션,코스피,HOLD,75,혼조,중립,보합,"단기 이동평균선(하늘색)이 중기 이동평균선(주황색)을 상향 돌파하며 골든크로스 발생 | 350,000원 부근에서 바닥을 확인한 후 저점을 높여가는 우상향 추세 형성 | 현재 주가가 주요 이동평균선 위에서 지지를 받고 있으나 420,000원 부근의 저항대 확인 필요 | 거래량이 폭발적이지는 않으나 하락세가 멈추고 매수세가 유입되는 안정적인 흐름"
207940,삼성바이오로직스,코스피,HOLD,70,역배열,중립,보합,주가가 20일 및 50일 이동평균선 아래에 위치하며 단기 하락 추세가 지속되고 있음 | 이동평균선이 역배열 상태로 진입하여 기술적으로 하방 압력이 강한 구간임 | 최근 거래량이 동반되지 않은 채 주가가 흘러내리고 있어 강력한 반등 신호가 부족함 | 전저점 부근에서의 지지 여부를 확인해야 하는 관망세가 필요한 시점
